{
  "retrieval_metrics": {
    "recall_at_k": 0.2683333333333333,
    "precision_at_k": 0.15000000000000005,
    "f1_at_k": 0.1883730158730159,
    "hit_rate": 0.55,
    "mrr": 0.30083333333333334,
    "ndcg_at_5": 0.23977722151881392
  },
  "generation_metrics": {
    "avg_groundedness": 0.967,
    "avg_confidence": 0.9075000000000003,
    "hallucination_rate": 0.1
  }
}